<?xml version="1.0"?>
<!--<!DOCTYPE metadata SYSTEM "http://www.esri.com/metadata/esriprof80.dtd">-->
<metadata xml:lang="en"><Esri><CreaDate>20090401</CreaDate><CreaTime>11163300</CreaTime><SyncOnce>TRUE</SyncOnce><MetaID>{A83CDD01-3BE8-4029-83C0-E26E809A2926}</MetaID></Esri><idinfo><citation><citeinfo><onlink Sync="TRUE"></onlink></citeinfo></citation></idinfo><distInfo><distributor><distorTran><onLineSrc><linkage Sync="TRUE">file://</linkage><protocol Sync="TRUE">Local Area Network</protocol></onLineSrc></distorTran></distributor></distInfo><dataqual><lineage><procstep><procdesc Sync="TRUE">Dataset copied.</procdesc><srcused Sync="TRUE">C:\wang\Ben_madonna\new_design\New_marsh_cells</srcused><procdate Sync="TRUE">20090330</procdate><proctime Sync="TRUE">12001800</proctime></procstep><procstep><procdesc Sync="TRUE">Dataset copied.</procdesc><srcused Sync="TRUE"></srcused><procdate Sync="TRUE">20090401</procdate><proctime Sync="TRUE">11163300</proctime></procstep></lineage></dataqual></metadata>
