<?xml version="1.0"?>
<!--<!DOCTYPE metadata SYSTEM "http://www.esri.com/metadata/esriprof80.dtd">-->
<metadata xml:lang="en"><Esri><CreaDate>20090331</CreaDate><CreaTime>09440500</CreaTime><SyncOnce>TRUE</SyncOnce><MetaID>{1622D956-3D01-47D9-A669-50F2832448E1}</MetaID></Esri><idinfo><citation><citeinfo><onlink Sync="TRUE"></onlink></citeinfo></citation></idinfo><distInfo><distributor><distorTran><onLineSrc><linkage Sync="TRUE">file://</linkage><protocol Sync="TRUE">Local Area Network</protocol></onLineSrc></distorTran></distributor></distInfo><dataqual><lineage><procstep><procdesc Sync="TRUE">Dataset copied.</procdesc><srcused Sync="TRUE">C:\wang\Ben_madonna\new_design\maps\New_marsh_cells</srcused><procdate Sync="TRUE">20090331</procdate><proctime Sync="TRUE">09161100</proctime></procstep><procstep><procdesc Sync="TRUE">Dataset copied.</procdesc><srcused Sync="TRUE"></srcused><procdate Sync="TRUE">20090331</procdate><proctime Sync="TRUE">09440500</proctime></procstep></lineage></dataqual></metadata>
