<?xml version="1.0"?>
<!--<!DOCTYPE metadata SYSTEM "http://www.esri.com/metadata/esriprof80.dtd">-->
<metadata xml:lang="en"><Esri><CreaDate>20090330</CreaDate><CreaTime>15532700</CreaTime><SyncOnce>TRUE</SyncOnce><MetaID>{03E86159-1A5F-4919-8724-3FC5C111B773}</MetaID></Esri><idinfo><citation><citeinfo><onlink Sync="TRUE"></onlink></citeinfo></citation></idinfo><distInfo><distributor><distorTran><onLineSrc><linkage Sync="TRUE">file://</linkage><protocol Sync="TRUE">Local Area Network</protocol></onLineSrc></distorTran></distributor></distInfo><dataqual><lineage><procstep><procdesc Sync="TRUE">Dataset copied.</procdesc><srcused Sync="TRUE">C:\wang\Ben_madonna\new_design\New_marsh_cells</srcused><procdate Sync="TRUE">20090330</procdate><proctime Sync="TRUE">12001800</proctime></procstep><procstep><procdesc Sync="TRUE">Dataset copied.</procdesc><srcused Sync="TRUE"></srcused><procdate Sync="TRUE">20090330</procdate><proctime Sync="TRUE">15532700</proctime></procstep></lineage></dataqual></metadata>
