<?xml version="1.0"?>
<!--<!DOCTYPE metadata SYSTEM "http://www.esri.com/metadata/esriprof80.dtd">-->
<metadata xml:lang="en"><Esri><CreaDate>20090331</CreaDate><CreaTime>09161100</CreaTime><SyncOnce>TRUE</SyncOnce><MetaID>{35A1B076-2DC3-44DD-896B-E5B4B47AD83F}</MetaID></Esri><idinfo><citation><citeinfo><onlink Sync="TRUE">\\CIVE-100930\C$\wang\Ben_madonna\new_design\maps\New_marsh_cellsCopy</onlink></citeinfo></citation></idinfo><distInfo><distributor><distorTran><onLineSrc><linkage Sync="TRUE">file://\\CIVE-100930\C$\wang\Ben_madonna\new_design\maps\New_marsh_cellsCopy</linkage><protocol Sync="TRUE">Local Area Network</protocol></onLineSrc></distorTran></distributor></distInfo><dataqual><lineage><procstep><procdesc Sync="TRUE">Dataset copied.</procdesc><srcused Sync="TRUE">C:\wang\Ben_madonna\new_design\maps\New_marsh_cells</srcused><procdate Sync="TRUE">20090331</procdate><proctime Sync="TRUE">09161100</proctime></procstep></lineage></dataqual></metadata>
