<?xml version="1.0"?>
<!--<!DOCTYPE metadata SYSTEM "http://www.esri.com/metadata/esriprof80.dtd">-->
<metadata xml:lang="en"><Esri><CreaDate>20090330</CreaDate><CreaTime>12001700</CreaTime><SyncOnce>TRUE</SyncOnce><MetaID>{841E3715-5ECB-43C8-A799-8244B9D4B76B}</MetaID></Esri><idinfo><citation><citeinfo><onlink Sync="TRUE">\\CIVE-100930\C$\wang\Ben_madonna\new_design\New_marsh_cellsCopy</onlink></citeinfo></citation></idinfo><distInfo><distributor><distorTran><onLineSrc><linkage Sync="TRUE">file://\\CIVE-100930\C$\wang\Ben_madonna\new_design\New_marsh_cellsCopy</linkage><protocol Sync="TRUE">Local Area Network</protocol></onLineSrc></distorTran></distributor></distInfo><dataqual><lineage><procstep><procdesc Sync="TRUE">Dataset copied.</procdesc><srcused Sync="TRUE">C:\wang\Ben_madonna\new_design\New_marsh_cells</srcused><procdate Sync="TRUE">20090330</procdate><proctime Sync="TRUE">12001800</proctime></procstep></lineage></dataqual></metadata>
